{"64c5659c-eebf-45d2-9d78-34bb550913e3": 1746729744.4704044, "20dacd5e-502e-4be4-92e9-1f0cfc003348": 1746729744.4704044, "bf1dd525-96c3-490d-b5ba-455331ed6b8f": 1746729754.876057, "7864bff8-b0f9-4e2e-972c-d6f082762148": 1746729825.603608}